file	imports_from
agent/__init__.py	
agent/account_usage.py	agent/anthropic_adapter.py
agent/agent_init.py	agent/context_compressor.py,agent/iteration_budget.py,agent/memory_manager.py,agent/model_metadata.py,agent/process_bootstrap.py,agent/subdirectory_hints.py,agent/think_scrubber.py,agent/tool_guardrails.py
agent/agent_runtime_helpers.py	agent/error_classifier.py,agent/message_sanitization.py,agent/tool_dispatch_helpers.py,agent/trajectory.py
agent/anthropic_adapter.py	
agent/async_utils.py	
agent/auxiliary_client.py	agent/credential_pool.py,agent/portal_tags.py
agent/azure_identity_adapter.py	
agent/background_review.py	
agent/bedrock_adapter.py	
agent/browser_provider.py	
agent/browser_registry.py	agent/browser_provider.py
agent/chat_completion_helpers.py	agent/error_classifier.py,agent/message_sanitization.py,agent/model_metadata.py,agent/retry_utils.py,agent/tool_dispatch_helpers.py,agent/tool_guardrails.py
agent/codex_responses_adapter.py	agent/prompt_builder.py
agent/codex_runtime.py	
agent/context_compressor.py	agent/auxiliary_client.py,agent/context_engine.py,agent/model_metadata.py,agent/redact.py
agent/context_engine.py	
agent/context_references.py	agent/model_metadata.py
agent/conversation_compression.py	agent/model_metadata.py
agent/conversation_loop.py	agent/anthropic_adapter.py,agent/auxiliary_client.py,agent/codex_responses_adapter.py,agent/display.py,agent/error_classifier.py,agent/iteration_budget.py,agent/memory_manager.py,agent/message_sanitization.py,agent/model_metadata.py,agent/nous_rate_guard.py,agent/process_bootstrap.py,agent/prompt_caching.py,agent/retry_utils.py,agent/trajectory.py,agent/usage_pricing.py
agent/copilot_acp_client.py	agent/file_safety.py,agent/redact.py
agent/credential_pool.py	
agent/credential_sources.py	
agent/curator.py	
agent/curator_backup.py	agent/skill_utils.py
agent/display.py	agent/tool_result_classification.py
agent/error_classifier.py	
agent/file_safety.py	
agent/gemini_cloudcode_adapter.py	agent/gemini_schema.py,agent/google_code_assist.py
agent/gemini_native_adapter.py	agent/gemini_schema.py
agent/gemini_schema.py	
agent/google_code_assist.py	
agent/google_oauth.py	
agent/i18n.py	
agent/image_gen_provider.py	
agent/image_gen_registry.py	agent/image_gen_provider.py
agent/image_routing.py	
agent/insights.py	agent/usage_pricing.py
agent/iteration_budget.py	
agent/lmstudio_reasoning.py	
agent/lsp/__init__.py	agent/lsp/manager.py
agent/lsp/cli.py	
agent/lsp/client.py	agent/lsp/protocol.py
agent/lsp/eventlog.py	
agent/lsp/install.py	
agent/lsp/manager.py	agent/lsp/__init__.py,agent/lsp/client.py,agent/lsp/servers.py,agent/lsp/workspace.py
agent/lsp/protocol.py	
agent/lsp/range_shift.py	
agent/lsp/reporter.py	
agent/lsp/servers.py	agent/lsp/workspace.py
agent/lsp/workspace.py	
agent/manual_compression_feedback.py	
agent/markdown_tables.py	
agent/memory_manager.py	agent/memory_provider.py
agent/memory_provider.py	
agent/message_sanitization.py	
agent/model_metadata.py	
agent/models_dev.py	
agent/moonshot_schema.py	
agent/nous_rate_guard.py	
agent/onboarding.py	
agent/plugin_llm.py	
agent/portal_tags.py	
agent/process_bootstrap.py	
agent/prompt_builder.py	agent/skill_utils.py
agent/prompt_caching.py	
agent/rate_limit_tracker.py	
agent/redact.py	
agent/retry_utils.py	
agent/secret_sources/__init__.py	
agent/secret_sources/bitwarden.py	
agent/shell_hooks.py	
agent/skill_bundles.py	
agent/skill_commands.py	agent/skill_preprocessing.py
agent/skill_preprocessing.py	
agent/skill_utils.py	
agent/stream_diag.py	
agent/subdirectory_hints.py	agent/prompt_builder.py
agent/system_prompt.py	agent/prompt_builder.py
agent/think_scrubber.py	
agent/title_generator.py	agent/auxiliary_client.py
agent/tool_dispatch_helpers.py	agent/tool_result_classification.py
agent/tool_executor.py	agent/display.py,agent/tool_dispatch_helpers.py,agent/tool_guardrails.py
agent/tool_guardrails.py	agent/tool_result_classification.py
agent/tool_result_classification.py	
agent/trajectory.py	
agent/transports/__init__.py	agent/transports/types.py
agent/transports/anthropic.py	agent/transports/__init__.py,agent/transports/base.py,agent/transports/types.py
agent/transports/base.py	agent/transports/types.py
agent/transports/bedrock.py	agent/transports/__init__.py,agent/transports/base.py,agent/transports/types.py
agent/transports/chat_completions.py	agent/lmstudio_reasoning.py,agent/moonshot_schema.py,agent/prompt_builder.py,agent/transports/__init__.py,agent/transports/base.py,agent/transports/types.py
agent/transports/codex.py	agent/transports/__init__.py,agent/transports/base.py,agent/transports/types.py
agent/transports/codex_app_server.py	
agent/transports/codex_app_server_session.py	agent/redact.py,agent/transports/codex_app_server.py,agent/transports/codex_event_projector.py
agent/transports/codex_event_projector.py	
agent/transports/hermes_tools_mcp_server.py	
agent/transports/types.py	
agent/usage_pricing.py	agent/model_metadata.py
agent/video_gen_provider.py	
agent/video_gen_registry.py	agent/video_gen_provider.py
agent/web_search_provider.py	
agent/web_search_registry.py	agent/web_search_provider.py
